{
  "version": 2,
  "routes": [
    { "src": "/api/(.*)", "dest": "/api/$1" },
    { "handle": "filesystem" },
    { "src": "/(.*)", "dest": "/index.html" }
  ],
  "headers": [
    {
      "source": "/(.*)",
      "headers": [
        {
          "key": "Content-Security-Policy",
          "value": "default-src 'self'; script-src 'self' 'unsafe-inline'; style-src 'self' 'unsafe-inline'; img-src 'self' data:; font-src 'self'; connect-src 'self' https://tpjqiymtzaywfgaajvnx.supabase.co;"
        },
        {
          "key": "X-Content-Type-Options",
          "value": "nosniff"
        },
        {
          "key": "X-Frame-Options",
          "value": "SAMEORIGIN"
        },
        {
          "key": "X-XSS-Protection",
          "value": "1; mode=block"
        }
      ]
    }
  ]
}
